"centre_code","centre_name","province"
"090001","ROMA GIRLS SECONDARY SCHOOL","09"
"090002","KABULONGA GIRLS SECONDARY","09"
"090003","MATERO BOYS SECONDARY SCHOOL","09"
"090004","MATERO GIRLS SECONDARY","09"
"090005","ST MARYS SECONDARY SCHOOL","09"
"090006","LIBALA SECONDARY SCHOOL","09"
"090007","ARAKAN BARRACKS","09"
"090008","NABOYE SECONDARY SCHOOL","09"
"090009","CHONGWE SECONDARY SCHOOL","09"
"090010","KABULONGA BOYS SECONDARY SCHOOL","09"
"090011","DAVID KAUNDA SEC. TECHNICAL","09"
"090012","LUANGWA SECONDARY SCHOOL","09"
"090013","KAMWALA SECONDARY SCHOOL","09"
"090014","MUNALI SECONDARY SCHOOL","09"
"090015","KATONDWE GIRLS SECONDARY SCHOOL","09"
"090016","PARKLANDS SECONDARY SCHOOL","09"
"090017","KASISI GIRLS SECONDARY SCHOOL","09"
"090018","LAKE ROAD SECONDARY SCHOOL","09"
"090019","LICEF SECONDARY SCHOOL","09"
"090020","KAFUE SECONDARY SCHOOL","09"
"090022","METROPOLITAN SCHOOL","09"
"090023","REPHIDIM INSTITUTE","09"
"090024","ST IGNATIUS COLLEGE","09"
"090025","HANDMAID SISTERS OUR LADY OF ASSUMPTION CONVENT SCHOOL","09"
"090026","KAFUE  DAY SECONDARY SCHOOL","09"
"090027","MALUNDU BASIC SCHOOL","09"
"090028","JACARANDA BASIC SCHOOL","09"
"090029","ST. MONICAS BASIC SCHOOL","09"
"090030","OLYMPIA BASIC SCHOOL","09"
"090031","MAKENI ISLAMIC SCHOOL","09"
"090032","CHALIMBANA BASIC SCHOOL","09"
"090033","CHAISA BASIC SCHOOL","09"
"090034","CHELSTONE BASIC SCHOOL","09"
"090035","CHINIKA BASIC SCHOOL","09"
"090036","KAMULANGA BASIC SCHOOL","09"
"090037","KIZITO BASIC SCHOOL","09"
"090038","LUSAKA BOYS BASIC SCHOOL","09"
"090039","MATERO BOYS BASIC SCHOOL","09"
"090040","LUSAKA GIRLS BASIC SCHOOL","09"
"090041","MUYOOMA BASIC SCHOOL","09"
"090042","NEW KANYAMA BASIC SCHOOL","09"
"090043","NGWELELE BASIC SCHOOL","09"
"090044","NORTHMEAD BASIC SCHOOL","09"
"090045","SIMON KAPWEPWE BASIC SCHOOL","09"
"090046","TUNDUYA BASIC SCHOOL","09"
"090047","WOODLANDS 'A' BASIC SCHOOL","09"
"090048","SILVER REST BASIC SCHOOL","09"
"090049","MUSAMBA BASIC SCHOOL","09"
"090050","KASENJE BASIC SCHOOL","09"
"090051","NANGONGWE BASIC SCHOOL","09"
"090052","SHIKOSWE BASIC SCHOOL","09"
"090053","LOTUS BASIC SCHOOL","09"
"090054","CHAWAMA BASIC SCHOOL","09"
"090055","CHAKUNKULA BASIC SCHOOL","09"
"090056","LILANDA BASIC SCHOOL","09"
"090057","MUCHINGA BASIC SCHOOL","09"
"090058","CHIMWEMWE BASIC SCHOOL","09"
"090059","CHIPATA BASIC SCHOOL","09"
"090060","MUMUNI BASIC SCHOOL","09"
"090061","BURMA BASIC SCHOOL","09"
"090062","MULEYA BASIC SCHOOL","09"
"090063","GOTA-GOTA BASIC SCHOOL","09"
"090064","CHIMUSANYA BASIC SCHOOL","09"
"090065","NYANGWENA BASIC SCHOOL","09"
"090066","CHINYUNYU BASIC SCHOOL","09"
"090067","KAMPEKETE BASIC SCHOOL","09"
"090068","KENNETH D.K BASIC SCHOOL","09"
"090069","KASISI BASIC SCHOOL","09"
"090070","NDEKE BASIC SCHOOL","09"
"090071","MUCHUTO BASIC SCHOOL","09"
"090072","TUBALANGE BASIC SCHOOL","09"
"090073","NAKATETE BASIC SCHOOL","09"
"090074","MOUNT MAKULU BASIC SCHOOL","09"
"090075","MUNKOLO BASIC SCHOOL","09"
"090076","BAYUNI BASIC SCHOOL","09"
"090077","MWEMBESHI BASIC SCHOOL","09"
"090078","CHIPAPA BASIC SCHOOL","09"
"090079","LUSAKA WEST BASIC SCHOOL","09"
"090080","RHODES PARK SCHOOL","09"
"090081","NYENYEZI BASIC SCHOOL","09"
"090083","LOTUS EXTERNAL CENTRE","09"
"090085","CHILANGA EXTERNAL CENTRE","09"
"090087","CHILENJE EXTERNAL CENTRE","09"
"090088","KABWATA EXTERNAL CENTRE","09"
"090089","CHALIMBANA EXTERNAL CENTRE","09"
"090090","AFRICAN VISION HOPE SECONDARY","09"
"090091","KASENJE EXTERNAL CENTRE","09"
"090092","ST. MONICAS EXTERNAL CENTRE","09"
"090093","KAMWALA EXTERNAL CENTRE","09"
"090094","CHRIST THE REDEEMER SECONDARY","09"
"090095","BURMA EXTERNAL CENTRE","09"
"090096","ST.PATRICKS EXTERNAL CENTRE","09"
"090097","LUSAKASA EXTERNAL CENTRE","09"
"090098","CHAISA COMBINED EXTERNAL","09"
"090099","CHIAWA BASIC SCHOOL","09"
"090100","CHIBOLYA EXTERNAL CENTRE","09"
"090101","CHINKULI EXTERNAL CENTRE","09"
"090102","CHINYANJA EXTERNAL CENTRE","09"
"090103","MKANDAWIRE EXTERNAL CENTRE","09"
"090104","LUANGWA EXTERNAL CENTRE","09"
"090105","MUSAMBA EXTERNAL CENTRE","09"
"090106","ELLENSDALE EXTERNAL CENTRE","09"
"090107","KATOBA SECONDARY EXTERNAL","09"
"090108","NYANGWENA EXTERNAL CENTRE","09"
"090109","CYBER INTERNATIONAL SCHOOL","09"
"090110","PALABANA EXTERNAL CENTRE","09"
"090111","MWAVI EXTERNAL CENTRE","09"
"090112","LUSAKA WEST EXTERNAL","09"
"090113","NDEKE EXTERNAL CENTRE","09"
"090114","KENNETH KAUNDA EXTERNAL CENTRE","09"
"090115","LUANGWA BRIDGE SECONDARY EXTERNAL","09"
"090116","NAKATETE EXTERNAL CENTRE","09"
"090117","REGIMENT EXTERNAL CENTRE","09"
"090118","MUTAMBE EXTERNAL CENTRE","09"
"090119","CHAWAMA EXTERNAL CENTRE","09"
"090120","CHAKUNKULA EXTERNAL CENTRE","09"
"090122","NANGONGWE EXTERNAL CENTRE","09"
"090123","MUMUNI EXTERNAL CENTRE","09"
"090124","TIMOTHY MWANAKATWE EXTERNAL","09"
"090125","SILVER REST EXTERNAL CENTRE","09"
"090126","PETKU ACADEMY","09"
"090127","RUFUSA EXTERNAL CENTRE","09"
"090128","NYAKEZU VISION SCHOOL","09"
"090129","NAMUNUNGA SCHOOL","09"
"090130","THONJE PRIVATE SCHOOL EXTERNAL","09"
"090131","MWEMBESHI EXTERNAL CENTRE","09"
"090133","GEMSTONE ACADEMY","09"
"090134","KATOBA SECONDARY EXTERNAL","09"
"090135","AFRICAN VISION OF HOPE SECONDARY SCHOOL","09"
"090136","KAUNDA SQUARE EXTERNAL CENTRE","09"
"090137","CHILYABALE PRIMARY EXTERNAL","09"
"090138","MUYOOMA EXTERNAL CENTRE","09"
"090139","CHRIST THE REDEMER SCHOOL","09"
"090140","EVERGREEN EXTERNAL CENTRE","09"
"090141","CHAINDA EXTERNAL CENTRE","09"
"090142","MPANSHYA EXTERNAL CENTRE","09"
"090143","MWALUMINA EXTERNAL CENTRE","09"
"090144","KAMPEKETE EXTERNAL CENTRE","09"
"090145","MPHANGO EXTERNAL CENTRE","09"
"090146","TWATASHA PRIMARY SCHOOL","09"
"090147","FAITH BAPTIST SECONDARY","09"
"090148","TANAI EDUCATION EXTERNAL CENTRE","09"
"090149","ST.COLUMBA'S DAY SECONDARY EXTERNAL CENTRE","09"
"090150","CHAWAMA COBET GRZMUNITY SCHOOL","09"
"090151","LUSAKA WEST BOARDING EXTERNAL CENTRE","09"
"090152","LUANGWA BRIDGE SECONDARY EXTERNAL","09"
"090154","GEMSTONE ACADEMY SCHOOL","09"
"090155","NYAKEZU VISION","09"
"090156","MILDRED EDUCATION EXTERNAL CENTRE","09"
"090157","TONJE PRIVATE EXTERNAL CENTRE","09"
"090158","CYBER INTERNATIONAL SCHOOL","09"
"090159","FRIENDS OF JESUS SCHOOL","09"
"090160","CHESED ACADEMY","09"
"090161","BETHLEHEM PRIVATE SCHOOL","09"
"090162","KAMWALA BASIC SCHOOL","09"
"090165","CHIYOTA  EXTERNAL CENTRE","09"
"090166","MPEMBA  EXTERNAL CENTRE","09"
"090167","KANKUMBA  EXTERNAL CENTRE","09"
"090169","TENGAMA  EXTERNAL CENTRE","09"
"090170","CHAMBA VALLEY PRIMARY EXTERNAL","09"
"090171","TWALUMBA EXTERNAL CENTRE","09"
"090172","LILAYI BASIC SCHOOL","09"
"090176","PALABANA BASIC SCHOOL","09"
"090177","MPHANSHYA BASIC SCHOOL","09"
"090178","KANKUMBA BASIC SCHOOL","09"
"090179","MULALIKA BASIC SCHOOL","09"
"090180","CHONGWE BASIC SCHOOL","09"
"090181","ELLENSDALE BASIC SCHOOL","09"
"090182","MULALIKA BOYS EXTERNAL CENTRE","09"
"090183","SHANTUMBU EXTERNAL CENTRE","09"
"090185","KAKARO EXTERNAL CENTRE","09"
"090186","KATONDWE EXTERNAL CENTRE","09"
"090187","KAUNGA EXTERNAL CENTRE","09"
"090188","HARRY MWANGA NKUMBULA EXTERNAL","09"
"090190","GEORGE EXTERNAL CENTRE","09"
"090191","EMMASDALE EXTERNAL CENTRE","09"
"090193","MAMBILIMA EXTERNAL CENTRE","09"
"090194","NGWERERE EXTERNAL CENTRE","09"
"090195","MUCHINGA EXTERNAL CENTRE","09"
"090196","NAMANDO EXTERNAL CENTRE","09"
"090197","KAPWELYOMBA EXTERNAL CENTRE","09"
"090198","DESAI EXTERNAL CENTRE","09"
"090199","KAMANGA EXTERNAL CENTRE","09"
"090201","CHUDLEIGH HOUSE SCHOOL","09"
"090202","MUNGU EXTERNAL CENTRE","09"
"090203","LISHIKO EXTERNAL CENTRE","09"
"090205","BAYUNI EXTERNAL CENTRE","09"
"090206","KABWEZA BASIC SCHOOL","09"
"090207","CHILENJE ""B"" BASIC SCHOOL","09"
"090208","ARTHUR WINA BASIC SCHOOL","09"
"090210","NYUMBAYANGA EXTERNAL CENTRE","09"
"090211","MAHATIMA GANDHI BASIC SCHOOL","09"
"090212","MARY QUEEN OF PEACE BASIC SCH.","09"
"090213","BARLASTONE PARK BASIC SCHOOL","09"
"090214","BALMORAL  EXTERNAL CENTRE","09"
"090215","CHIPONGWE EXTERNAL CENTRE","09"
"090217","LUMUMBA PRIVATE SCHOOL","09"
"090218","CHAINDA BASIC SCHOOL","09"
"090220","KAPETE EXTERNAL CENTRE","09"
"090221","LWIMBA EXTERNAL CENTRE","09"
"090222","KYINDU EXTERNAL CENTRE","09"
"090223","CHINYUNYU EXTERNAL CENTRE","09"
"090224","CHAMULIMBA EXTERNAL CENTRE","09"
"090225","LUKWIPA EXTERNAL CENTRE","09"
"090226","CHONGWE EXTERNAL CENTRE","09"
"090227","JOHN LAING BASIC SCHOOL","09"
"090228","MUMANA BASIC SCHOOL","09"
"090229","ARAKAN JUNIOR SCHOOL","09"
"090230","NG'OMBE BASIC SCHOOL","09"
"090231","MTENDERE EXTERNAL CENTRE","09"
"090232","JUSTIN KABWE BASIC SCHOOL","09"
"090233","KASAMBA EXTERNAL CENTRE","09"
"090235","PRINCE TAKAMADO BASIC SCHOOL","09"
"090236","MAKENI GRZ BASIC SCHOOL","09"
"090237","CHIKUPI BASIC SCHOOL","09"
"090238","MUTENDERE BASIC SCHOOL","09"
"090239","CITY EDUCATION CENTRE","09"
"090240","MUKAMAMBO GIRLS HIGH SCHOOL","09"
"090242","KALUNDU BASIC SCHOOL","09"
"090244","MAHATIMA GANDHI EXTERNAL CENTR","09"
"090247","HILLSIDE EXTERNAL CENTRE","09"
"090248","DIANA KAYIMBA BASIC SCHOOL","09"
"090250","KABULONGA BASIC SCHOOL","09"
"090251","ST. PAUL'S COMMUNITY SCHOOL","09"
"090252","VERA CHILUBA EXTERNAL CENTRE","09"
"090254","LIBALA BASIC SCHOOL","09"
"090255","MWALUMINA BASIC SCHOOL","09"
"090256","LWIMBA BASIC SCHOOL","09"
"090257","CHIYOTA BASIC SCHOOL","09"
"090258","CHITEMALESA BASIC SCHOOL","09"
"090259","KATOBA EXTERNAL CENTRE","09"
"090263","CHAINDA BASIC SCHOOL","09"
"090264","CHANYANYA BASIC SCHOOL","09"
"090265","MAKENI GRZ B. EXTERNAL CENTRE","09"
"090266","SOS HERMANN GMEINER SCHOOL","09"
"090269","CHILANGA BASIC SCHOOL","09"
"090270","MUNGU MID. BASIC SCHOOL","09"
"090272","MUNKOLO B.EXTERNAL CENTRE","09"
"090275","NCHUTE BASIC SCHOOL","09"
"090276","CHAMULIMBA BASIC SCHOOL","09"
"090277","KATOBA BASIC SCHOOL","09"
"090279","NKALAMABWE EXTERNAL CENTRE","09"
"090280","KASENGA EXTERNAL CENTRE","09"
"090282","NKOMESHYA EXTERNAL CENTRE","09"
"090283","KAPETE BASIC SCHOOL","09"
"090285","ST FRANCIS OF ASSIS SCHOOL","09"
"090286","TWATASHA EXTERNAL CENTRE","09"
"090287","CHITUKUKO BASIC SCHOOL","09"
"090288","KINGS HIGHWAY SDA SCHOOLl (Pvt)","09"
"090291","TWATASHA BASIC SCHOOL","09"
"090292","KATONDWE BASIC","09"
"090293","CHIRIWE BASIC SCHOOL","09"
"090294","MWAVI BASIC SCHOOL","09"
"090295","MWALILIA BASIC SCHOOL","09"
"090297","KAUNGA BASIC SCHOOL","09"
"090298","KAKARO BASIC SCHOOL","09"
"090299","KAVALAMANJA BASIC SCHOOL","09"
"090300","JANEIRO BASIC SCHOOL","09"
"090301","TUM SECONDARY EXT.","09"
"090302","MUMANA EXT.","09"
"090303","CHINKULI BASIC SCHOOL","09"
"090304","TENGAMA BASIC SCHOOL","09"
"090305","CHITENTABUNGA BASIC SCHOOL","09"
"090306","RUFUNSA BASIC SCHOOL","09"
"090307","MPEMBA BASIC SCHOOL","09"
"090308","EVERGREEN BASIC SCHOOL","09"
"090309","PEMIMU PRIVATE SCHOOL","09"
"090310","LUKWIPA BASIC SCHOOL","09"
"090311","CHILYABALE BASIC SCHOOL","09"
"090312","KACHETA BASIC SCHOOL","09"
"090313","CHIKWAMA BASIC SCHOOL","09"
"090315","MAKENI E.C. PRIVATE SCHOOL","09"
"090316","KALUNDU EXT.","09"
"090319","TICK SCHOOL","09"
"090320","SOUTH END BASIC","09"
"090323","GOSPEL OUTREACH CHRISTIAN ACAD","09"
"090324","CHALO TRUST SCHOOL","09"
"090325","TWASHUKA BASIC SCHOOL","09"
"090326","HILLSIDE BASIC SCHOOL","09"
"090327","TWASHUKA EXTERNAL CENTRE","09"
"090328","ST. PATRICK BASIC SCHOOL","09"
"090329","THORN HILL BOARDING AND DAY","09"
"090330","NYUMBA YANGA BASIC SCHOOL","09"
"090332","DON GORDON SCHOOL (Pvt)","09"
"090333","HETTY DENEN BASIC SCHOOL","09"
"090335","KAMWALA SOUTH BASIC","09"
"090336","NEW KANYAMA EXTERNAL CENTRE","09"
"090339","MUTEMA CHIME SCHOOL (Pvt)","09"
"090340","WOODLANDS 'B' BASIC SCHOOL","09"
"090342","REGINA PACIS CATHOLIC SCHOOL","09"
"090343","VERA CHILUBA BASIC SCHOOL","09"
"090344","TIMOTHY MWANAKATWE BASIC","09"
"090345","CHIBELO BASIC SCHOOL","09"
"090346","CHINGWELE BASIC SCHOOL","09"
"090347","TWALUMBA BASIC SCHOOL","09"
"090348","CHILENJE SOUTH BASIC SCHOOL","09"
"090350","KAUNDA SQUARE BASIC SCHOOL","09"
"090351","DESAI BASIC SCHOOL","09"
"090352","NAMANDO BASIC SCHOOL","09"
"090353","BLUE BELL BASIC SCHOOL (Pvt)","09"
"090354","NELSON MANDELA BASIC SCHOOL","09"
"090355","REGIMENT BASIC SCHOOL","09"
"090357","STATE LODGE 'B' BASIC SCHOOL","09"
"090358","LUSAKA CENTRAL PRISON SCHOOL","09"
"090359","CHISENGALUMBWE BASIC SCHOOL","09"
"090360","JARMY CHRISTIAN SCHOOL (Pvt)","09"
"090361","KUMENA BASIC","09"
"090362","SHIKABETA BASIC","09"
"090363","KAZEMBA BASIC","09"
"090364","LUKOSHI BASIC","09"
"090365","NAMALOMBWE BASIC","09"
"090367","SOLOBONI BASIC SCHOOL","09"
"090368","ALFA BASIC SCHOOL","09"
"090371","MATERO EAST  BASIC","09"
"090372","NG'OMBE PTA SCHOOL","09"
"090373","J.M. ACADEMY (PVT)","09"
"090374","OUR LADY'S SECONDARY (PVT)","09"
"090376","KABWATA BASIC (GRZ)","09"
"090377","JOHN LAING EXTERNAL","09"
"090378","MUGURAMENO BASIC","09"
"090380","QUEENSLAND TRUST (PVT)","09"
"090381","MUKWA'S EDUCATION CENTRE (PVT)","09"
"090382","TAFIMBWA BASIC (Pvt)","09"
"090383","FIRSTRATE INTERNATIONAL SCHOOL (Pvt)","09"
"090384","TIONGE COMMUNITY SCHOOL","09"
"090386","LADY DIANA EDUCATION CENTRE (Pvt)","09"
"090387","NEW KAMULANGA","09"
"090388","NEW NORTHMEAD BASIC","09"
"090389","NEW MTENDERE BASIC","09"
"090390","NEW KABANANA BASIC","09"
"090391","HILLVIEW PARK PRIMARY SCHOOL","09"
"090392","NEW  NGÃ“MBE  BASIC","09"
"090393","NEW  LIBALA STAGE III  BASIC","09"
"090394","MANDEVU BASIC","09"
"090395","NEW CHUNGA BASIC","09"
"090396","CHAZANGA BASIC","09"
"090397","LUSAKA WEST PVT","09"
"090398","CHABOTA BASIC","09"
"090399","MOONLIGHT BASIC PVT","09"
"090400","TUM SCHOOL PVT","09"
"090401","TWATOTELA SCHOOL PVT","09"
"090404","TIONGE PVT","09"
"090406","NAMALOMBWE EXT.","09"
"090407","KASAMU BASIC","09"
"090408","KABWADU BASIC","09"
"090409","HELEN DE VOS","09"
"090411","MKANDAWIRE BASIC","09"
"090413","CRESTED CRANE","09"
"090414","LUSAKASA BASIC","09"
"090415","CHITIMUKULU BASIC","09"
"090416","LIBALA STAGE III EXT","09"
"090417","DILI BASIC","09"
"090418","KAPOSHE BASIC","09"
"090419","BETHEL BAPTIST BASIC","09"
"090420","SHANTUMBU BASIC","09"
"090421","SHIKOSWE EXTERNAL","09"
"090423","EQUATORIAL BASIC (PVT)","09"
"090425","LEOMWE BASIC (PVT)","09"
"090426","LITTLE WOODS (PVT)","09"
"090427","NALEDI TRUST (PVT)","09"
"090428","PESTALOZZI EDUCATION CENTRE (PVT)","09"
"090429","ROLLING STONE ACADEMY (PVT)","09"
"090430","SUNSHINE BASIC (PVT)","09"
"090431","ROBERT DEAN BASIC","09"
"090432","INKPORT GIRLS SECONDARY","09"
"090433","CHAINDA EXTERNAL","09"
"090434","KANYAMA CENTRAL BASIC","09"
"090435","TICK SCHOOL","09"
"090437","MAKENI WEST WING SECONDARY","09"
"090439","CHIPATA EXTERNAL","09"
"090440","KAMANGA PRIMARY SCHOOL","09"
"090441","LILAYI SECONDARY SCHOOL","09"
"090442","NYUMBA YANGA SECONDARY SCHOOL","09"
"090443","HIGHLAND SECONDARY SCHOOL","09"
"090444","LIKASA SECONDARY SCHOOL","09"
"090445","MULOLA PRIMARY","09"
"090446","MATIPULA PRIMARY SCHOOL","09"
"090447","MIKANGO SECONDARY SCHOOL","09"
"090448","NATAILA Pvt SCHOOL","09"
"090449","KABULONGA TRUST SCHOOL","09"
"090450","NAMFULA CAMDEV Pvt SCHOOL","09"
"090451","JATAMO PVT SCHOOL","09"
"090452","FELMA TRUST Pvt SCHOOL","09"
"090454","CITY OF HOPE PRIMARY","09"
"090455","BIMBE PRIMARY","09"
"090456","RUFUNSA GIRLS SECONDARY","09"
"090457","MONEZI PRIMARY (Pvt)","09"
"090458","TWIN PALM SECONDARY","09"
"090459","MUNALI GIRLS SECONDARY","09"
"090460","MWEMBESHI SECONDARY","09"
"090463","ST. MAURICE PRIMARY","09"
"090465","AHMADIYYA MUSLIM SCHOOL","09"
"090466","MANGO GROVE","09"
"090467","GREAT NORTH ACADEMY","09"
"090468","VERANA CHRIST","09"
"090469","HOLY CROSS CONVENT PRIVATE","09"
"090470","HELEN DE VOS EXTERNAL","09"
"090472","SHALOM PRIMARY SCHOOL","09"
"090473","ST.LAWRENCE PRIMARY SCHOOL","09"
"090474","LUKAMANTANO PRIMARY SCHOOL","09"
"090475","TWATASHA ZNS PRIMARY SCHOOL","09"
"090479","KAPWELYOMBA PRIMARY SCHOOL","09"
"090481","MASABO PRIMARY SCHOOL","09"
"090482","EASY WAY SCHOOL","09"
"090483","CHIPATA","09"
"090484","FEIRA SECONDARY SCHOOL","09"
"090485","JERRY EDUCATION CENTRE","09"
"090486","MARY IMMACULATE GIRLS' SECONDARY","09"
"090488","CHIBOLYA PRIMARY SCHOOL","09"
"090489","LINDA OPEN PRIMARY SCHOOL","09"
"090490","JOSEPHINE FOGG PRIMARY SCHOOL","09"
"090491","ST. MICHEAL PRIMARY SCHOOL","09"
"090492","YUCAI ZAMBIA PRIVATE SCHOOL","09"
"090493","TONJE PVT SCHOOL","09"
"090494","LUMUMBA SECONDARY SCHOOL (PVT)","09"
"090495","ST LAWRENCE PRIMARY SCHOOL","09"
"090496","BAULENI SPECIAL SCHOOL","09"
"090497","CHUNGA SECONDARY","09"
"090498","THORNPARK PRIMARY SCHOOL","09"
"090499","CHITANDA PRIMARY","09"
"090500","KASAMBA PRIMARY","09"
"090501","BAULENI PRIMARY SCHOOL","09"
"090502","KABANANA PRIMARY SCHOOL","09"
"090503","CHITENDE EXTERNAL","09"
"090504","MUTENDERE EXTERNAL","09"
"090505","CHIPONGWE PRIMARY","09"
"090506","KASAKA PRIMARY","09"
"090507","HOLY SAVIOUR COMMUNITY SCHOOL","09"
"090508","MWAVI SECONDARY SCHOOL","09"
"090509","MT EUGENIA PRIMARY SCHOOL","09"
"090510","TANDIZA SCHOOL","09"
"090519","KASENGA SCHOOL","09"
"090520","NKOMESHYA PRIMARY SCHOOL","09"
"090521","KYINDU PRIMARY SCHOOL","09"
"090522","NKALAMABWE PRIMARY SCHOOL","09"
"090523","NAMANONGO SCHOOL","09"
"090524","CHINYANJA SCHOOL","09"
"090525","BALMORAL PRIMARY SCHOOL","09"
"090526","LISHIKO SCHOOL","09"
"090528","MUTAMBE SCHOOL","09"
"090529","NGOMBE PTA PRIVATE SCHOOL","09"
"090530","CHAMBA VALLEY PRIMARY SCHOOL","09"
"090531","HARRY MWAANGA NKUMBULA SCHOOL","09"
"090532","EDWIN MULONGOTI PRIMARY SCHOOL","09"
"090533","GEORGE CENTRAL PRIMARY SCHOOL","09"
"090534","EMMASDALE SCHOOL","09"
"090535","MAMBILIMA SCHOOL","09"
"090536","KAUNDA SQUARE SECONDARY SCHOOL","09"
"090537","MTENDERE  PRIMARY SCHOOL","09"
"090543","KABANANA SECONDARY SCHOOL","09"
"090544","NANKANGA PRIMARY SCHOOL","09"
"090545","CHIFWEMA PRIMARY SCHOOL","09"
"090546","MUNALI GIRLS SECONDARY (SPECIAL EDUCATION)","09"
"090547","VILLAGE OF HOPE COMMUNITY SCHOOL","09"
"090548","MARGARET MWACHIYEYA SECONDARY SCHOOL","09"
"090550","MPAMBA PRIMARY SCHOOL","09"
"090551","FAITH CHRISTIAN ACADEMY PVT SCHOOL","09"
"090552","DESTINY COMMUNITY SCHOOL","09"
"090553","MEJOCAMA COMMUNITY SCHOOL","09"
"090554","MPAMBA PRIMARY EXTERNAL","09"
"090555","MISSION OF HOPE CHRISTIAN COMMUNITY SCHOOL","09"
"090556","CLYDE ANDERSON TRUST SCHOOL","09"
"090557","STATE LODGE 'A' PRIMARY SCHOOL","09"
"090558","KALINGALINGA PRIMARY SCHOOL","09"
"090559","GARDEN OPEN COMMUNITY SCHOOL","09"
"090565","SARAFINA INTERNATIONAL SCHOOL","09"
"090566","WILLOWS SECONDARY SCHOOL","09"
"090567","MAKANGWE PRIMARY SCHOOL","09"
"090568","CHIKOKA PRIMARY SCHOOL","09"
"090569","CHIPAPA SECONDARY SCHOOL","09"
"090570","KAFUE ZNS PRIMARY SCHOOL","09"
"090571","CHILOMBWE PRIMARY SCHOOL","09"
"090572","UTH SPECIAL SCHOOL","09"
"090573","CHIBENGELELE PRIMARY SCHOOL","09"
"090574","ST. AMBROSE BOYS TECHNICAL SECONDARY SCHOOL","09"
"090575","FUTURE LIGHT ACADEMY","09"
"090576","BREAD OF LIFE","09"
"090578","KING SOLOMON SCHOOL","09"
"090579","MAFUNGAUTSI PRIMARY SCHOOL","09"
"090580","ISLAMIC EDUCATIONAL TRUST PVT","09"
"090581","SHAKESPEARE SCHOOL PVT","09"
"090582","MANKHOKWE PRIMARY SCHOOL","09"
"090583","LUANGWA BRIDGE SECONDARY SCHOOL","09"
"090584","NANKANGA PRIMARY EXTERNAL","09"
"090585","ST.JOSEPH COMMUNITY SCHOOL","09"
"090586","KAPONGO PRIMARY SCHOOL","09"
"090587","MAGOBA PRIMARY SCHOOL","09"
"090588","HOLY SAVIOUR COMMUNITY EXTERNAL","09"
"090589","ITOPE PRIMARY SCHOOL","09"
"090590","MWACHILELE PRIMARY SCHOOL","09"
"090591","NYAMPANDE COMMUNITY SCHOOL","09"
"090592","GRANDVIEW PVT SCHOOL","09"
"090593","YOTAM MULEYA EXTERNAL","09"
"090594","BETHLEHEM SECONDARY SCHOOL PVT","09"
"090595","DEVINE PROVIDENCE CONVENT SCHOOL PVT","09"
"090596","TANDIZA SECONDARY EXTERNAL PVT","09"
"090597","BUNDA BUNDA PRIMARY SCHOOL","09"
"090598","KABELEKA PRIMARY SCHOOL","09"
"090599","KATOBA SECONDARY SCHOOL","09"
"090600","CHARTONEL COMMUNITY SCHOOL","09"
"090601","MPHANGO HOPE SECONDARY SCHOOL","09"
"090602","ZNS SOPELO PRIMARY SCHOOL","09"
"090603","MAANO PRIMARY SCHOOL","09"
"090604","MESSIAH COMMUNITY SCHOOL","09"
"090605","ST. COLUMBA'S DAY SECONDARY SCHOOL","09"
"090606","ST. JOSEPH COMMUNITY EXTERNAL","09"
"090607","CHIKUPI PRIMARY EXTERNAL","09"
"090608","KABWEZA PRIMARY EXTERNAL","09"
"090609","MAKANGWE PRIMARY EXTERNAL","09"
"090610","FIGHT POVERTY RELIEF SERVICES COMMUNITY SCHOOL","09"
"090611","AFRICAN VISION OF HOPE SCHOOL","09"
"090612","ST. FRANCIS AND CLARE SECONDARY SCHOOL","09"
"090613","ST. MARY'S COMMUNITY SCHOOL","09"
"090614","LILANDA PRIMARY EXTERNAL","09"
"090615","LIBALA PRIMARY EXTERNAL","09"
"090616","HOPE AND FAITH CHRISTIAN COMMUNITY SCHOOL","09"
"090617","LUSAKA WEST BOARDING SCHOOL","09"
"090618","TIYENDE PAMODZI PRIMARY SCHOOL","09"
"090619","KIINE COMMUNITY SCHOOL","09"
"090623","CHILOMBWE PRIMARY EXTERNAL","09"
"090624","FEIRA SECONDARY EXTERNAL","09"
"090626","JANEIRO PRIMARY EXTERNAL","09"
"090627","RAFIKI PVT","09"
"090628","SMARTMATAIWA PRIVATE DAY AND BOARDING","09"
"090629","MILDRED EDUCATION CENTRE","09"
"090630","GESAM CHRISTIAN SCHOOL","09"
"090631","THEO BULL TRUST SCHOOL","09"
"090632","MAN JERRAD HILLTOP EDUCATION CENTRE","09"
"090633","NGASO EDUCATION CENTRE","09"
"090634","MAKENI INSTITUTE TRUST","09"
"090635","CELINE'S ACADEMY","09"
"090636","CHIPAKATA CHILDREN'S ACADEMY","09"
"090637","TOPGRADE ACADEMY","09"
"090639","CITY SHINE CHRISTIAN SCHOOL","09"
"090640","FAITH CHRISTIAN ACADEMY","09"
"090641","VINSU CHRISTIAN SCHOOL","09"
"090642","PHOENIX SCHOOL","09"
"090643","DASIMO SECONDARY SCHOOL","09"
"090644","DASIMO SECONDARY EXTERNAL CENTRE","09"
"090645","KACHETA SECONDARY EXTERNAL","09"
"090646","PAKACHELE COMMUNITY SCHOOL","09"
"090647","NEW KAMULANGA PRIMARY EXTERNAL","09"
"090649","MUKWASHI TRUST SCHOOL","09"
"090650","KASEBA PRIMARY SCHOOL","09"
"090651","CHIKUPI SECONDARY SCHOOL","09"
"090652","AFRICAN VISION OF HOPE SCHOOL","09"
"090653","CHIPATA OPEN COMMUNITY","09"
"090654","WESTWOOD PRIMARY","09"
"090658","MUNALI GIRLS SECONDARY","09"
"090659","MT. MAKULU SECONDARY EXTERNAL","09"
"090661","LUSAKA CENTRAL PRISON EXTERNAL CENTRE","09"
"090662","KABELEKA PRIMARY EXTERNAL","09"
"090663","TUBALANGE PRIMARY EXTERNAL","09"
"090664","LUKAMANTANO COMBINED EXTERNAL","09"
"090665","ST. MICHEAL PRIMARY EXTERNAL","09"
"090666","DESTINY COMMUNITY EXTERNAL CENTRE","09"
"090667","LILANDA CATHOLIC COMMUNITY SCHOOL","09"
"090668","CHAWAMA COBET COMMUNITY SCHOOL","09"
"090669","ST. PAUL'S SECONDARY SCHOOL","09"
"090670","HETTY DENNEN SECONDARY EXTERNAL","09"
"090671","KASEBA PRIMARY EXTERNAL","09"
"090672","CHIFWEMA SECONDARY EXTERNAL","09"
"090674","KING SOLOMON EXTERNAL","09"
"090675","WHITEFIELD CHRISTIAN ACADEMY","09"
"090676","BETHLEHEM SECONDARY EXTERNAL","09"
"090678","MUNYEU PRIMARY SCHOOL","09"
"090679","HILLVIEW PARK PRIMARY SCHOOL","09"
"090680","MUNYEU PRIMARY SCHOOL","09"
"090681","TIYENDE PAMODZI PRIMARY SCHOOL","09"
"090682","LIBALA PRIMARY EXTERNAL","09"
"090683","CHAINDA OPEN PRIMARY SCHOOL","09"
"090684","LIBANGA COMMUNITY SCHOOL","09"
"090685","CHAZANGA PRIMARY EXTERNAL","09"
"090686","STATE LODGE B PRIMARY EXTERNAL","09"
"090687","NG'OMBE PRIMARY EXTERNAL","09"
"090688","KABANANA PRIMARY EXTERNAL","09"
"090689","JUSTIN KABWE PRIMARY EXTERNAL","09"
"090690","BAYUNI SECONDARY SCHOOL","09"
"090691","CHIMUTENGO PRIMARY SCHOOL","09"
"090692","KAPOCHE SPECIAL SCHOOL","09"
"090693","KAPOCHE PRIMARY SCHOOL","09"
"090694","JANEIRO PRIMARY SCHOOL","09"
"090695","CHIRIWE PRIMARY EXTERNAL","09"
"090696","RAIL SIDE PRIMARY SCHOOL","09"
"090697","ST MARY'S OLD KABWEZA PRIMARY SCHOOL","09"
"090698","NYANPHANDE COMMUNITY EXTERNAL CENTRE","09"
"090699","MWACHILELE PRIMARY EXTERNAL","09"
"090700","CHITEMALESA COMBINED EXTERNAL","09"
"090701","ITOPE PRIMARY EXTERNAL","09"
"090702","SHIKABETA COMBINED EXTERNAL","09"
"090703","MWAMBASHI PRIMARY EXTERNAL","09"
"090704","NDUBULULA COMBINED EXTERNAL","09"
"090705","MUKONKA PRIMARY EXTERNAL","09"
"090706","MWAMBASHI PRIMARY SCHOOL","09"
"090707","NDUBULULA COMBINED SCHOOL","09"
"090708","MUKONKA PRIMARY SCHOOL","09"
"090709","DOOR OF HOPE SCHOOL","09"
"090710","HUMAN SERVICE COMMUNITY SCHOOL","09"
"090711","GREAT SCHOOLLARS ACADEMY","09"
"090712","ST JOSEPH FUTURE IN MY HANDS","09"
"090713","GESAM CHRISTIAN EXTERNAL CENTRE","09"
"090714","TANAI COMMUNITY SCHOOL","09"
"090715","KING'S HIGHWAY SDA EXTERNAL CENTRE","09"
"090716","DILI SECONDARY EXTERNAL CENTRE","09"
"090717","PRINCE TAKAMADO BASIC EXTERNAL","09"
"090776","MOUNT EUGENIA PRIMARY EXTERNAL","09"
"090777","SHAMPULE PRIMARY SCHOOL","09"
"090778","NEW NORTHMEAD BASIC EXTERNAL","09"
"090779","AITHUR WINA PRIMARY EXTERNAL","09"
"090780","MATIPULA COMBINED EXTERNAL","09"
"090781","ROBERT DEAN EXTERNAL","09"
"090782","CHILYABALE PRIMARY EXTERNAL","09"
"090783","KASAKA PRIMARY EXTERNAL","09"
"090784","CHANYANYA PRIMARY EXTERNAL","09"
"090785","PETKU ACADEMY EXTERNAL CENTRE","09"
"090786","ST. VINCENT PALLOTTI CATHOLIC SCHOOL","09"
"090787","TEMIRAH ACADEMY","09"
"090788","NGASO EDUCATIONAL CENTRE EXTERNAL","09"
"090789","BETHLEHEM B SCHOOL EXTERNAL","09"
"090790","NYAKEZU VISION EXTERNAL CENTRE","09"
"090791","CITY SHINE CHRISTIAN EXTERNAL CENTRE","09"
"090792","ZELI-KNOWLEDGE CHRISTIAN SCHOOL","09"
"090793","AL-UMMAH SCHOOL","09"
"999999","TEST CENTRE","09"
